id,first_name,last_name,email,gender,ip_address
1,Rogerio,Deporte,rdeporte0@economist.com,Male,235.236.144.148
2,Amy,Rickford,arickford1@mayoclinic.com,Female,141.163.55.251
3,Morissa,Flook,mflook2@amazon.co.jp,Female,74.131.8.185
4,Erasmus,Lawland,elawland3@flickr.com,Male,41.198.201.219
5,Celisse,McSwan,cmcswan4@storify.com,Female,210.202.107.222
6,Merrick,Eickhoff,meickhoff5@vistaprint.com,Bigender,178.228.218.19
7,Victor,Seabrook,vseabrook6@linkedin.com,Male,54.110.191.43
8,Heriberto,Buckell,hbuckell7@is.gd,Male,138.32.88.92
9,Carolan,Ketchen,cketchen8@sfgate.com,Female,155.13.205.12
10,Dina,Felder,dfelder9@topsy.com,Female,125.50.44.132
11,Gran,Alven,galvena@omniture.com,Male,23.71.89.51
12,Taite,Dossetter,tdossetterb@redcross.org,Male,187.17.123.141
13,Bambie,Keenor,bkeenorc@fc2.com,Female,229.69.70.152
14,Ardelle,Busfield,abusfieldd@newyorker.com,Female,137.134.119.5
15,Elle,Inchcomb,einchcombe@globo.com,Female,57.141.210.169
16,Giacopo,Huggill,ghuggillf@feedburner.com,Male,113.162.243.113
17,Luelle,Viggers,lviggersg@china.com.cn,Female,25.132.157.17
18,Elana,Brumpton,ebrumptonh@hostgator.com,Polygender,211.170.52.36
19,Dru,Elphinstone,delphinstonei@deviantart.com,Female,187.194.219.114
20,Winnifred,McGaughey,wmcgaugheyj@over-blog.com,Female,91.31.227.40
21,Verene,Danilchenko,vdanilchenkok@amazonaws.com,Female,51.213.176.94
22,Kingsley,MacLardie,kmaclardiel@tumblr.com,Male,117.159.220.221
23,Talbert,Jellico,tjellicom@narod.ru,Male,184.34.80.170
24,Jerrie,Cinavas,jcinavasn@nytimes.com,Male,213.161.205.182
25,Bowie,North,bnortho@marriott.com,Male,243.24.238.87
26,Caddric,Heartfield,cheartfieldp@japanpost.jp,Male,109.160.134.132
27,Roda,Turnell,rturnellq@globo.com,Female,117.223.56.124
28,Joellen,Loomis,jloomisr@discovery.com,Female,135.99.28.87
29,Shellie,Whalebelly,swhalebellys@mlb.com,Bigender,226.93.168.104
30,Mariele,Davers,mdaverst@loc.gov,Female,125.151.104.125
31,Virgie,Normant,vnormantu@istockphoto.com,Male,152.122.6.46
32,Robbin,Hollingsby,rhollingsbyv@redcross.org,Female,143.210.18.112
33,Maurise,Robshaw,mrobshaww@elegantthemes.com,Male,147.79.229.87
34,Dallas,Lyttle,dlyttlex@army.mil,Male,62.232.183.213
35,Sven,Husher,shushery@shinystat.com,Male,150.107.103.239
36,Bertram,Burnel,bburnelz@disqus.com,Bigender,167.19.139.201
37,Josias,MacCarrane,jmaccarrane10@intel.com,Male,78.198.57.218
38,Gates,Artist,gartist11@tiny.cc,Female,43.54.68.46
39,Osmond,Lydford,olydford12@seesaa.net,Bigender,15.121.16.153
40,Tomaso,Cowie,tcowie13@ameblo.jp,Male,98.192.62.59
41,Grant,Stelfox,gstelfox14@geocities.jp,Male,37.160.223.128
42,Jonell,Sailor,jsailor15@wired.com,Female,181.33.72.53
43,Lorette,Throssell,lthrossell16@europa.eu,Female,148.203.66.238
44,Wilek,Morphew,wmorphew17@dailymail.co.uk,Male,188.56.206.189
45,Dulcy,Poynzer,dpoynzer18@google.com.br,Female,67.142.81.50
46,Neddy,Wolters,nwolters19@cyberchimps.com,Male,8.143.176.128
47,Georgianna,Steele,gsteele1a@qq.com,Female,49.255.154.6
48,Junette,Haxley,jhaxley1b@unesco.org,Female,147.140.114.214
49,Myrna,Darch,mdarch1c@elpais.com,Genderfluid,81.15.98.100
50,Leicester,Boggas,lboggas1d@vk.com,Male,62.73.195.21
51,Aleta,Ivanchikov,aivanchikov1e@w3.org,Non-binary,239.173.136.253
52,Derril,Vinas,dvinas1f@state.gov,Male,93.179.218.141
53,Bernarr,Haddrill,bhaddrill1g@ft.com,Male,185.37.252.27
54,Alessandra,Coalburn,acoalburn1h@guardian.co.uk,Female,238.230.246.118
55,Guenna,Patterson,gpatterson1i@blog.com,Female,175.189.213.194
56,Kirbee,Mackiewicz,kmackiewicz1j@diigo.com,Female,245.26.45.171
57,Allene,Robins,arobins1k@pagesperso-orange.fr,Female,99.41.31.10
58,Colly,Fenck,cfenck1l@geocities.com,Genderfluid,246.119.97.255
59,Natal,Rizzardi,nrizzardi1m@ted.com,Male,120.244.97.20
60,Jenna,Chattoe,jchattoe1n@berkeley.edu,Female,26.64.157.13
61,Damaris,Cooley,dcooley1o@bravesites.com,Female,85.169.39.62
62,Blakelee,Fernandez,bfernandez1p@fc2.com,Female,236.121.210.183
63,Kendell,Besque,kbesque1q@businessinsider.com,Male,34.232.97.22
64,Seward,Tidd,stidd1r@altervista.org,Male,34.141.163.180
65,Ottilie,Hamblett,ohamblett1s@google.cn,Female,97.64.2.226
66,Hermione,Probbings,hprobbings1t@tinypic.com,Female,51.248.220.19
67,Fern,De Matteis,fdematteis1u@infoseek.co.jp,Female,142.242.93.167
68,Nell,Mennithorp,nmennithorp1v@blog.com,Genderqueer,4.15.163.140
69,Reiko,Fairlaw,rfairlaw1w@paginegialle.it,Female,90.25.184.153
70,Mark,Adam,madam1x@blogtalkradio.com,Male,224.193.124.208
71,Gerrard,Jurca,gjurca1y@hhs.gov,Male,180.222.53.232
72,Ellynn,Schanke,eschanke1z@earthlink.net,Female,16.39.24.198
73,Ogdan,Atkins,oatkins20@state.gov,Male,165.117.9.236
74,Fleurette,Trime,ftrime21@foxnews.com,Female,25.235.235.146
75,Kit,Sugden,ksugden22@ftc.gov,Male,130.194.41.2
76,Jenelle,Daburn,jdaburn23@issuu.com,Female,38.92.101.159
77,Cathyleen,McNeilly,cmcneilly24@ox.ac.uk,Female,58.152.80.213
78,Ruddie,Viveash,rviveash25@sakura.ne.jp,Male,103.177.95.230
79,Bryce,Wapples,bwapples26@booking.com,Male,4.76.181.73
80,Lorene,Cancellieri,lcancellieri27@cdbaby.com,Polygender,137.153.238.68
81,Zoe,Leglise,zleglise28@imageshack.us,Female,23.201.163.215
82,Xena,Suthworth,xsuthworth29@barnesandnoble.com,Female,28.80.147.124
83,Kristofer,Bolesma,kbolesma2a@umich.edu,Male,249.219.191.145
84,Anna-maria,De Vuyst,adevuyst2b@seesaa.net,Female,48.46.211.62
85,Rafaela,Hartle,rhartle2c@businesswire.com,Female,92.62.254.47
86,Dyan,Weaver,dweaver2d@engadget.com,Female,28.59.175.64
87,Tremaine,De Ferrari,tdeferrari2e@cbsnews.com,Male,58.4.34.4
88,Garvy,Moores,gmoores2f@craigslist.org,Male,177.29.42.235
89,Arlana,Mawer,amawer2g@ucla.edu,Female,207.67.203.175
90,Mariejeanne,Bullon,mbullon2h@virginia.edu,Female,127.113.110.167
91,Graig,Starmer,gstarmer2i@uol.com.br,Male,187.26.140.194
92,Coral,MacLachlan,cmaclachlan2j@howstuffworks.com,Female,207.203.163.245
93,Rand,Cordrey,rcordrey2k@guardian.co.uk,Male,79.11.200.60
94,Sonnie,Jaouen,sjaouen2l@china.com.cn,Male,112.146.25.15
95,Winna,Forri,wforri2m@yandex.ru,Female,82.246.178.162
96,Paco,Capeling,pcapeling2n@soup.io,Male,13.235.127.250
97,Lindsay,Giraudeau,lgiraudeau2o@comsenz.com,Female,151.95.43.242
98,Guillaume,Tommaseo,gtommaseo2p@unblog.fr,Bigender,82.20.170.84
99,Malory,Eagles,meagles2q@house.gov,Female,188.216.77.45
100,Sibyl,Braunlein,sbraunlein2r@istockphoto.com,Non-binary,203.213.61.72
